Card,Set ID,Quantity,Type,Color,Set,Collector Number,Rarity,Color Category,Status,Finish,Maybeboard,Image URL,Image Back URL,Tags,Notes,MTGO ID
Sabertooth Mauler,Drake Wrangler,5,Creature — Human,WU,VNM,,uncommon,,Owned,Non-foil,FALSE,https://github.com/Tvpattack/Vinimroth-Eternities/blob/main/Drake%20Wrangler.png?raw=true,,WU,Drake Wrangler,81631
Sabertooth Mauler,Tofnet Riftstalker,3,Creature — Hyena Scout,WB,VNM,,uncommon,,Owned,Non-foil,FALSE,https://github.com/Tvpattack/Vinimroth-Eternities/blob/main/Tofnet%20Riftstalker.png?raw=true,,WB,Tofnet Riftstalker,81631
Sabertooth Mauler,Passage Overseer,3,Creature — Minotaur Scout,WR,VNM,,uncommon,,Owned,Non-foil,FALSE,https://github.com/Tvpattack/Vinimroth-Eternities/blob/main/Passage%20Overseer.png?raw=true,,WR,Passage Overseer,81631
Sabertooth Mauler,Bruin Wanderer,3,Creature — Bear Scout,WG,VNM,,uncommon,,Owned,Non-foil,FALSE,https://github.com/Tvpattack/Vinimroth-Eternities/blob/main/Bruin%20Wanderer.png?raw=true,,WG,Bruin Wanderer,81631
Sabertooth Mauler,Avakin Riftseeker,3,Creature — Bird Wizard,UB,VNM,,uncommon,,Owned,Non-foil,FALSE,https://github.com/Tvpattack/Vinimroth-Eternities/blob/main/Avakin%20Riftseeker.png?raw=true,,UB,Avakin Riftseeker,81631
Sabertooth Mauler,Untamed Drake,2,Creature — Drake,UR,VNM,,uncommon,,Owned,Non-foil,FALSE,https://github.com/Tvpattack/Vinimroth-Eternities/blob/main/Untamed%20Drake.png?raw=true,,UR,Untamed Drake,81631
Sabertooth Mauler,Aeon Awakener,3,Creature — Human Wizard,BG,VNM,,uncommon,,Owned,Non-foil,FALSE,https://github.com/Tvpattack/Vinimroth-Eternities/blob/main/Aeon%20Awakener.png?raw=true,,BG,Aeon Awakener,81631
Sabertooth Mauler,Bulwark of the Thicket,4,Creature — Wurm Warrior,RG,VNM,,uncommon,,Owned,Non-foil,FALSE,https://github.com/Tvpattack/Vinimroth-Eternities/blob/main/Bulwark%20of%20the%20Thicket.png?raw=true,,RG,Bulwark of the Thicket,81631
Sabertooth Mauler,Multaphs Riftwarden,4,Creature — Elk Shaman,UG,VNM,,uncommon,,Owned,Non-foil,FALSE,https://github.com/Tvpattack/Vinimroth-Eternities/blob/main/Multaphs%20Riftwarden.png?raw=true,,UG,Multaphs Riftwarden,81631
Sabertooth Mauler,Rush Down,2,Instant,WR,VNM,,common,,Owned,Non-foil,FALSE,https://github.com/Tvpattack/Vinimroth-Eternities/blob/main/Rush%20Down.png?raw=true,,WR,Rush Down,81631
Sabertooth Mauler,Purge the Clanless,5,Instant,WB,VNM,,common,,Owned,Non-foil,FALSE,https://github.com/Tvpattack/Vinimroth-Eternities/blob/main/Purge%20the%20Clanless.png?raw=true,,WB,Purge the Clanless,81631
Sabertooth Mauler,Survivors Instinct,1,Instant,WG,VNM,,uncommon,,Owned,Non-foil,FALSE,https://github.com/Tvpattack/Vinimroth-Eternities/blob/main/Survivors%20Instinct.png?raw=true,,WG,Survivors Instinct,81631
Sabertooth Mauler,Entrance of Hunger,2,Instant,WU,VNM,,uncommon,,Owned,Non-foil,FALSE,https://github.com/Tvpattack/Vinimroth-Eternities/blob/main/Entrance%20of%20Hunger.png?raw=true,,WU,Entrance of Hunger,81631
Sabertooth Mauler,Prismatism,1,Instant,UR,VNM,,common,,Owned,Non-foil,FALSE,https://github.com/Tvpattack/Vinimroth-Eternities/blob/main/Prismatism.png?raw=true,,UR,Prismatism,81631
Sabertooth Mauler,Aerial Roost,4,Enchantment,UB,VNM,,uncommon,,Owned,Non-foil,FALSE,https://github.com/Tvpattack/Vinimroth-Eternities/blob/main/Aerial%20Roost.png?raw=true,,UB,Aerial Roost,81631
Sabertooth Mauler,Soul Fire,3,Instant,BR,VNM,,uncommon,,Owned,Non-foil,FALSE,https://github.com/Tvpattack/Vinimroth-Eternities/blob/main/Soul%20Fire.png?raw=true,,BR,Soul Fire,81631
Sabertooth Mauler,Dust to Life,2,Instant,BG,VNM,,common,,Owned,Non-foil,FALSE,https://github.com/Tvpattack/Vinimroth-Eternities/blob/main/Dust%20to%20Life.png?raw=true,,BG,Dust to Life,81631
Sabertooth Mauler,Hired Enforcer,4,Creature — Human Scout Mercenary,WB,VNM,,uncommon,,Owned,Non-foil,FALSE,https://github.com/Tvpattack/Vinimroth-Eternities/blob/main/Hired%20Enforcer.png?raw=true,,WB,Hired Enforcer,81631
Sabertooth Mauler,Perplexing Ray,3,Tribal Enchantment — Fish Entity,UR,VNM,,uncommon,,Owned,Non-foil,FALSE,https://github.com/Tvpattack/Vinimroth-Eternities/blob/main/Perplexing%20Ray.png?raw=true,,UR,Perplexing Ray,81631
Sabertooth Mauler,Clanless Usurper,5,Creature — Human Rogue,UR,VNM,,uncommon,,Owned,Non-foil,FALSE,https://github.com/Tvpattack/Vinimroth-Eternities/blob/main/Clanless%20Usurper.png?raw=true,,UR,Clanless Usurper,81631
Sabertooth Mauler,Opportunistic Scavenger,2,Tribal Enchantment — Squirrel Entity,BG,VNM,,uncommon,,Owned,Non-foil,FALSE,https://github.com/Tvpattack/Vinimroth-Eternities/blob/main/Opportunistic%20Scavenger.png?raw=true,,BG,Opportunistic Scavenger,81631
Sabertooth Mauler,Outlands Bulwark,4,Creature — Human Warrior,BG,VNM,,uncommon,,Owned,Non-foil,FALSE,https://github.com/Tvpattack/Vinimroth-Eternities/blob/main/Outlands%20Bulwark.png?raw=true,,BG,Outlands Bulwark,81631
Sabertooth Mauler,Mischievous Fox,2,Tribal Enchantment — Fox Entity,WR,VNM,,uncommon,,Owned,Non-foil,FALSE,https://github.com/Tvpattack/Vinimroth-Eternities/blob/main/Mischievous%20Fox.png?raw=true,,WR,Mischievous Fox,81631
Sabertooth Mauler,Roduths Guard,4,Creature — Wurm Warrior,WR,VNM,,uncommon,,Owned,Non-foil,FALSE,https://github.com/Tvpattack/Vinimroth-Eternities/blob/main/Roduths%20Guard.png?raw=true,,WR,Roduths Guard,81631
Sabertooth Mauler,Ageless History,3,Tribal Enchantment — Turtle Entity,UG,VNM,,uncommon,,Owned,Non-foil,FALSE,https://github.com/Tvpattack/Vinimroth-Eternities/blob/main/Ageless%20History.png?raw=true,,UG,Ageless History,81631
Sabertooth Mauler,Icebound Reinforcements,3,Creature — Human Scout,UG,VNM,,uncommon,,Owned,Non-foil,FALSE,https://github.com/Tvpattack/Vinimroth-Eternities/blob/main/Icebound%20Reinforcements.png?raw=true,,UG,Icebound Reinforcements,81631
Sabertooth Mauler,Blossoming Mentor,1,Creature — Human Cleric Shaman,WG,VNM,,uncommon,,Owned,Non-foil,FALSE,https://github.com/Tvpattack/Vinimroth-Eternities/blob/main/Blossoming%20Mentor.png?raw=true,,WG,Blossoming Mentor,81631
Sabertooth Mauler,Accord Mentor,3,Creature — Elf Wizard,WU,VNM,,uncommon,,Owned,Non-foil,FALSE,https://github.com/Tvpattack/Vinimroth-Eternities/blob/main/Accord%20Mentor.png?raw=true,,WU,Accord Mentor,81631
Sabertooth Mauler,Eternal Mentor,2,Creature — Human Zombie Shaman,UB,VNM,,uncommon,,Owned,Non-foil,FALSE,https://github.com/Tvpattack/Vinimroth-Eternities/blob/main/Eternal%20Mentor.png?raw=true,,UB,Eternal Mentor,81631
Sabertooth Mauler,Conflict Mentor,4,Creature — Human Warrior,BR,VNM,,uncommon,,Owned,Non-foil,FALSE,https://github.com/Tvpattack/Vinimroth-Eternities/blob/main/Conflict%20Mentor.png?raw=true,,BR,Conflict Mentor,81631
Sabertooth Mauler,Outcast Mentor,2,Creature — Human Warlock,RG,VNM,,uncommon,,Owned,Non-foil,FALSE,https://github.com/Tvpattack/Vinimroth-Eternities/blob/main/Outcast%20Mentor.png?raw=true,,RG,Outcast Mentor,81631
Sabertooth Mauler,Fadove Initiate,1,Creature — Human Scout,W,VNM,,common,,Owned,Non-foil,FALSE,https://github.com/Tvpattack/Vinimroth-Eternities/blob/main/Fadove%20Initiate.png?raw=true,,W,Fadove Initiate,81631
Sabertooth Mauler,Fadove Trainer,1,Creature — Human Warrior Spellshaper,W,VNM,,common,,Owned,Non-foil,FALSE,https://github.com/Tvpattack/Vinimroth-Eternities/blob/main/Fadove%20Trainer.png?raw=true,,W,Fadove Trainer,81631
Sabertooth Mauler,Trusted Companion,2,Creature — Drake,W,VNM,,uncommon,,Owned,Non-foil,FALSE,https://github.com/Tvpattack/Vinimroth-Eternities/blob/main/Trusted%20Companion.png?raw=true,,W,Trusted Companion,81631
Sabertooth Mauler,Fadove Tracker,2,Creature — Hyena Scout Spellshaper,W,VNM,,common,,Owned,Non-foil,FALSE,https://github.com/Tvpattack/Vinimroth-Eternities/blob/main/Fadove%20Tracker.png?raw=true,,W,Fadove Tracker,81631
Sabertooth Mauler,Outlands Marauder,3,Creature — Hyena Warrior,W,VNM,,common,,Owned,Non-foil,FALSE,https://github.com/Tvpattack/Vinimroth-Eternities/blob/main/Outlands%20Marauder.png?raw=true,,W,Outlands Marauder,81631
Sabertooth Mauler,Wandering Soul,3,Enchantment Creature — Icon Nomad,W,VNM,,common,,Owned,Non-foil,FALSE,https://github.com/Tvpattack/Vinimroth-Eternities/blob/main/Wandering%20Soul.png?raw=true,,W,Wandering Soul,81631
Sabertooth Mauler,Fadove Drillmaster,4,Creature — Hyena Warrior Spellshaper,W,VNM,,common,,Owned,Non-foil,FALSE,https://github.com/Tvpattack/Vinimroth-Eternities/blob/main/Fadove%20Drillmaster.png?raw=true,,W,Fadove Drillmaster,81631
Sabertooth Mauler,Oathkeep Wurm,6,Creature — Wurm Warrior,W,VNM,,common,,Owned,Non-foil,FALSE,https://github.com/Tvpattack/Vinimroth-Eternities/blob/main/Oathkeep%20Wurm.png?raw=true,,W,Oathkeep Wurm,81631
Sabertooth Mauler,Drake Rider,5,Creature — Human Scout,W,VNM,,common,,Owned,Non-foil,FALSE,https://github.com/Tvpattack/Vinimroth-Eternities/blob/main/Drake%20Rider.png?raw=true,,W,Drake Rider,81631
Sabertooth Mauler,Radiant Guide,6,Enchantment Creature — Icon Cat,W,VNM,,uncommon,,Owned,Non-foil,FALSE,https://github.com/Tvpattack/Vinimroth-Eternities/blob/main/Radiant%20Guide.png?raw=true,,W,Radiant Guide,81631
Sabertooth Mauler,Covetous Fox,2,Tribal Enchantment — Fox Entity,UB,VNM,,common,,Owned,Non-foil,FALSE,https://github.com/Tvpattack/Vinimroth-Eternities/blob/main/Covetous%20Fox.png?raw=true,,UB,Covetous Fox,81631
Sabertooth Mauler,Rebuke the Foul,2,Instant,W,VNM,,common,,Owned,Non-foil,FALSE,https://github.com/Tvpattack/Vinimroth-Eternities/blob/main/Rebuke%20the%20Foul.png?raw=true,,W,Rebuke the Foul,81631
Sabertooth Mauler,Maddened by Hunger,3,Enchantment — Aura,W,VNM,,common,,Owned,Non-foil,FALSE,https://github.com/Tvpattack/Vinimroth-Eternities/blob/main/Maddened%20by%20Hunger.png?raw=true,,W,Maddened by Hunger,81631
Sabertooth Mauler,Fadove Bodyguard,2,Creature — Human Knight,W,VNM,,uncommon,,Owned,Non-foil,FALSE,https://github.com/Tvpattack/Vinimroth-Eternities/blob/main/Fadove%20Bodyguard.png?raw=true,,W,Fadove Bodyguard,81631
Sabertooth Mauler,Combat Diviner,3,Creature — Wurm Warrior,W,VNM,,uncommon,,Owned,Non-foil,FALSE,https://github.com/Tvpattack/Vinimroth-Eternities/blob/main/Combat%20Diviner.png?raw=true,,W,Combat Diviner,81631
Sabertooth Mauler,Frostborn Sentinel,5,Enchantment Creature — Icon Soldier,U,VNM,,common,,Owned,Non-foil,FALSE,https://github.com/Tvpattack/Vinimroth-Eternities/blob/main/Frostborn%20Sentinel.png?raw=true,,U,Frostborn Sentinel,81631
Sabertooth Mauler,Respite Partisan,4,Enchantment Creature — Icon Elk,U,VNM,,common,,Owned,Non-foil,FALSE,https://github.com/Tvpattack/Vinimroth-Eternities/blob/main/Respite%20Partisan.png?raw=true,,U,Respite Partisan,81631
Sabertooth Mauler,Due Dismissal,2,Instant,U,VNM,,common,,Owned,Non-foil,FALSE,https://github.com/Tvpattack/Vinimroth-Eternities/blob/main/Due%20Dismissal.png?raw=true,,U,Due Dismissal,81631
Sabertooth Mauler,Denied by Nature,2,Instant,U,VNM,,uncommon,,Owned,Non-foil,FALSE,https://github.com/Tvpattack/Vinimroth-Eternities/blob/main/Denied%20by%20Nature.png?raw=true,,U,Denied by Nature,81631
Sabertooth Mauler,Repel the Invasion,3,Instant,U,VNM,,common,,Owned,Non-foil,FALSE,https://github.com/Tvpattack/Vinimroth-Eternities/blob/main/Repel%20the%20Invasion.png?raw=true,,U,Repel the Invasion,81631
Sabertooth Mauler,Storm Bearer,2,Creature — Elf Warlock Spellshaper,U,VNM,,uncommon,,Owned,Non-foil,FALSE,https://github.com/Tvpattack/Vinimroth-Eternities/blob/main/Storm%20Bearer.png?raw=true,,U,Storm Bearer,81631
Sabertooth Mauler,Resolute Watcher,4,Enchantment Creature — Icon Warlock,U,VNM,,uncommon,,Owned,Non-foil,FALSE,https://github.com/Tvpattack/Vinimroth-Eternities/blob/main/Resolute%20Watcher.png?raw=true,,U,Resolute Watcher,81631
Sabertooth Mauler,Avakin Sayer,3,Creature — Bird Warlock,U,VNM,,uncommon,,Owned,Non-foil,FALSE,https://github.com/Tvpattack/Vinimroth-Eternities/blob/main/Avakin%20Sayer.png?raw=true,,U,Avakin Sayer,81631
Sabertooth Mauler,Avlod Diviner,2,Creature — Human Wizard,U,VNM,,uncommon,,Owned,Non-foil,FALSE,https://github.com/Tvpattack/Vinimroth-Eternities/blob/main/Avlod%20Diviner.png?raw=true,,U,Avlod Diviner,81631
Sabertooth Mauler,Aspiring Mount,5,Creature — Drake,U,VNM,,uncommon,,Owned,Non-foil,FALSE,https://github.com/Tvpattack/Vinimroth-Eternities/blob/main/Aspiring%20Mount.png?raw=true,,U,Aspiring Mount,81631
Sabertooth Mauler,Cooing Foundling,1,Creature — Bird Scout,B,VNM,,common,,Owned,Non-foil,FALSE,https://github.com/Tvpattack/Vinimroth-Eternities/blob/main/Cooing%20Foundling.png?raw=true,,B,Cooing Foundling,81631
Sabertooth Mauler,Avakin Avenger,2,Creature — Bird Archer Spellshaper,B,VNM,,common,,Owned,Non-foil,FALSE,https://github.com/Tvpattack/Vinimroth-Eternities/blob/main/Avakin%20Avenger.png?raw=true,,B,Avakin Avenger,81631
Sabertooth Mauler,Gateway Guardian,2,Creature — Human Warrior Spellshaper,B,VNM,,common,,Owned,Non-foil,FALSE,https://github.com/Tvpattack/Vinimroth-Eternities/blob/main/Gateway%20Guardian.png?raw=true,,B,Gateway Guardian,81631
Sabertooth Mauler,Avakin Riftwalker,3,Creature — Bird Warlock,B,VNM,,common,,Owned,Non-foil,FALSE,https://github.com/Tvpattack/Vinimroth-Eternities/blob/main/Avakin%20Riftwalker.png?raw=true,,B,Avakin Riftwalker,81631
Sabertooth Mauler,Rift Tender,3,Creature — Human Shaman Spellshaper,B,VNM,,common,,Owned,Non-foil,FALSE,https://github.com/Tvpattack/Vinimroth-Eternities/blob/main/Rift%20Tender.png?raw=true,,B,Rift Tender,81631
Sabertooth Mauler,Waking Words,4,Enchantment Creature — Icon Rogue,B,VNM,,common,,Owned,Non-foil,FALSE,https://github.com/Tvpattack/Vinimroth-Eternities/blob/main/Waking%20Words.png?raw=true,,B,Waking Words,81631
Sabertooth Mauler,Avakin Cleaner,3,Creature — Bird Scout,B,VNM,,common,,Owned,Non-foil,FALSE,https://github.com/Tvpattack/Vinimroth-Eternities/blob/main/Avakin%20Cleaner.png?raw=true,,B,Avakin Cleaner,81631
Sabertooth Mauler,Avakin Assaulter,5,Creature — Bird Warrior,B,VNM,,common,,Owned,Non-foil,FALSE,https://github.com/Tvpattack/Vinimroth-Eternities/blob/main/Avakin%20Assaulter.png?raw=true,,B,Avakin Assaulter,81631
Sabertooth Mauler,Scornful Pursuit,5,Enchantment Creature — Icon Rogue,B,VNM,,uncommon,,Owned,Non-foil,FALSE,https://github.com/Tvpattack/Vinimroth-Eternities/blob/main/Scornful%20Pursuit.png?raw=true,,B,Scornful Pursuit,81631
Sabertooth Mauler,Left for the Crows,4,Sorcery,B,VNM,,common,,Owned,Non-foil,FALSE,https://github.com/Tvpattack/Vinimroth-Eternities/blob/main/Left%20for%20the%20Crows.png?raw=true,,B,Left for the Crows,81631
Sabertooth Mauler,Weight of Betrayal,1,Enchantment — Aura,B,VNM,,common,,Owned,Non-foil,FALSE,https://github.com/Tvpattack/Vinimroth-Eternities/blob/main/Weight%20of%20Betrayal.png?raw=true,,B,Weight of Betrayal,81631
Sabertooth Mauler,Iconic Resurgence,1,Instant,B,VNM,,common,,Owned,Non-foil,FALSE,https://github.com/Tvpattack/Vinimroth-Eternities/blob/main/Iconic%20Resurgence.png?raw=true,,B,Iconic Resurgence,81631
Sabertooth Mauler,Avlod Necklace,1,Artifact — Equipment,B,VNM,,common,,Owned,Non-foil,FALSE,https://github.com/Tvpattack/Vinimroth-Eternities/blob/main/Avlod%20Necklace.png?raw=true,,B,Avlod Necklace,81631
Sabertooth Mauler,Avakin Mentor,3,Creature — Bird Wizard Spellshaper,B,VNM,,uncommon,,Owned,Non-foil,FALSE,https://github.com/Tvpattack/Vinimroth-Eternities/blob/main/Avakin%20Mentor.png?raw=true,,B,Avakin Mentor,81631
Sabertooth Mauler,Shaman of Rites Lost,2,Creature — Human Warlock,B,VNM,,uncommon,,Owned,Non-foil,FALSE,https://github.com/Tvpattack/Vinimroth-Eternities/blob/main/Shaman%20of%20Rites%20Lost.png?raw=true,,B,Shaman of Rites Lost,81631
Sabertooth Mauler,Avakin Hireblade,4,Creature — Bird Mercenary,B,VNM,,uncommon,,Owned,Non-foil,FALSE,https://github.com/Tvpattack/Vinimroth-Eternities/blob/main/Avakin%20Hireblade.png?raw=true,,B,Avakin Hireblade,81631
Sabertooth Mauler,Frontline Assaulter,1,Creature — Minotaur Warrior Spellshaper,R,VNM,,common,,Owned,Non-foil,FALSE,https://github.com/Tvpattack/Vinimroth-Eternities/blob/main/Frontline%20Assaulter.png?raw=true,,R,Frontline Assaulter,81631
Sabertooth Mauler,Minotaur Riftcaller,2,Creature — Minotaur Shaman,R,VNM,,common,,Owned,Non-foil,FALSE,https://github.com/Tvpattack/Vinimroth-Eternities/blob/main/Minotaur%20Riftcaller.png?raw=true,,R,Minotaur Riftcaller,81631
Sabertooth Mauler,Fervent Incandescence,2,Enchantment Creature — Icon Wizard,R,VNM,,uncommon,,Owned,Non-foil,FALSE,https://github.com/Tvpattack/Vinimroth-Eternities/blob/main/Fervent%20Incandescence.png?raw=true,,R,Fervent Incandescence,81631
Sabertooth Mauler,Mordel Patrol,3,Creature — Human Warrior,R,VNM,,common,,Owned,Non-foil,FALSE,https://github.com/Tvpattack/Vinimroth-Eternities/blob/main/Mordel%20Patrol.png?raw=true,,R,Mordel Patrol,81631
Sabertooth Mauler,Tenuous Empowerment,3,Enchantment Creature — Icon Wizard,R,VNM,,common,,Owned,Non-foil,FALSE,https://github.com/Tvpattack/Vinimroth-Eternities/blob/main/Tenuous%20Empowerment.png?raw=true,,R,Tenuous Empowerment,81631
Sabertooth Mauler,Mordel Drillmaster,5,Creature — Minotaur Warrior Spellshaper,R,VNM,,common,,Owned,Non-foil,FALSE,https://github.com/Tvpattack/Vinimroth-Eternities/blob/main/Mordel%20Drillmaster.png?raw=true,,R,Mordel Drillmaster,81631
Sabertooth Mauler,Verem-Volcano Rumbler,4,Creature — Wurm Warrior,R,VNM,,common,,Owned,Non-foil,FALSE,https://github.com/Tvpattack/Vinimroth-Eternities/blob/main/Verem-Volcano%20Rumbler.png?raw=true,,FR,Verem-Volcano Rumbler,81631
Sabertooth Mauler,Stalking Entity,3,Tribal Enchantment — Cat Entity,RG,VNM,,common,,Owned,Non-foil,FALSE,https://github.com/Tvpattack/Vinimroth-Eternities/blob/main/Stalking%20Entity.png?raw=true,,RG,Stalking Entity,81631
Sabertooth Mauler,Iconic Resolution,2,Instant,R,VNM,,common,,Owned,Non-foil,FALSE,https://github.com/Tvpattack/Vinimroth-Eternities/blob/main/Iconic%20Resolution.png?raw=true,,R,Iconic Resolution,81631
Sabertooth Mauler,Conscripted by the Clanless,3,Sorcery,R,VNM,,common,,Owned,Non-foil,FALSE,https://github.com/Tvpattack/Vinimroth-Eternities/blob/main/Conscripted%20by%20the%20Clanless.png?raw=true,,R,Conscripted by the Clanless,81631
Sabertooth Mauler,Clanless Destruction,1,Enchantment,R,VNM,,common,,Owned,Non-foil,FALSE,https://github.com/Tvpattack/Vinimroth-Eternities/blob/main/Clanless%20Destruction.png?raw=true,,R,Clanless Destruction,81631
Sabertooth Mauler,Unexpected Discovery,3,Sorcery,R,VNM,,common,,Owned,Non-foil,FALSE,https://github.com/Tvpattack/Vinimroth-Eternities/blob/main/Unexpected%20Discovery.png?raw=true,,R,Unexpected Discovery,81631
Sabertooth Mauler,Brood Protector,3,Enchantment Creature — Icon Wurm,R,VNM,,uncommon,,Owned,Non-foil,FALSE,https://github.com/Tvpattack/Vinimroth-Eternities/blob/main/Brood%20Protector.png?raw=true,,R,Brood Protector,81631
Sabertooth Mauler,Minotaur Outlander,4,Creature — Minotaur Warrior Spellshaper,R,VNM,,uncommon,,Owned,Non-foil,FALSE,https://github.com/Tvpattack/Vinimroth-Eternities/blob/main/Minotaur%20Outlander.png?raw=true,,R,Minotaur Outlander,81631
Sabertooth Mauler,Mordel Excursionist,1,Creature — Human Scout Spellshaper,R,VNM,,uncommon,,Owned,Non-foil,FALSE,https://github.com/Tvpattack/Vinimroth-Eternities/blob/main/Mordel%20Excursionist.png?raw=true,,R,Mordel Excursionist,81631
Sabertooth Mauler,Lavaskimmer Wurm,6,Creature — Wurm Shaman,R,VNM,,common,,Owned,Non-foil,FALSE,https://github.com/Tvpattack/Vinimroth-Eternities/blob/main/Lavaskimmer%20Wurm.png?raw=true,,R,Lavaskimmer Wurm,81631
Sabertooth Mauler,Torch,1,Instant,R,VNM,,uncommon,,Owned,Non-foil,FALSE,https://github.com/Tvpattack/Vinimroth-Eternities/blob/main/Torch.png?raw=true,,R,Torch,81631
Sabertooth Mauler,Farming Wurm,1,Creature — Wurm Shaman,G,VNM,,common,,Owned,Non-foil,FALSE,https://github.com/Tvpattack/Vinimroth-Eternities/blob/main/Farming%20Wurm.png?raw=true,,G,Farming Wurm,81631
Sabertooth Mauler,Awakened Harmony,3,Enchantment Creature — Icon Druid,G,VNM,,common,,Owned,Non-foil,FALSE,https://github.com/Tvpattack/Vinimroth-Eternities/blob/main/Awakened%20Harmony.png?raw=true,,G,Awakened Harmony,81631
Sabertooth Mauler,Mordel Formgiver,3,Creature — Wurm Warlock,G,VNM,,common,,Owned,Non-foil,FALSE,https://github.com/Tvpattack/Vinimroth-Eternities/blob/main/Mordel%20Formgiver.png?raw=true,,G,Mordel Formgiver,81631
Sabertooth Mauler,Outlands Diviner,4,Creature — Wurm Warlock Spellshaper,G,VNM,,common,,Owned,Non-foil,FALSE,https://github.com/Tvpattack/Vinimroth-Eternities/blob/main/Outlands%20Diviner.png?raw=true,,G,Outlands Diviner,81631
Sabertooth Mauler,Bruin Clankeeper,4,Creature — Bear Warrior,G,VNM,,common,,Owned,Non-foil,FALSE,https://github.com/Tvpattack/Vinimroth-Eternities/blob/main/Bruin%20Clankeeper.png?raw=true,,G,Bruin Clankeeper,81631
Sabertooth Mauler,Multaphs Watch,5,Creature — Elk,G,VNM,,common,,Owned,Non-foil,FALSE,https://github.com/Tvpattack/Vinimroth-Eternities/blob/main/Multaphs%20Watch.png?raw=true,,G,Multaphs Watch,81631
Sabertooth Mauler,Progeny of Mordel,6,Creature — Wurm Warrior,G,VNM,,common,,Owned,Non-foil,FALSE,https://github.com/Tvpattack/Vinimroth-Eternities/blob/main/Progeny%20of%20Mordel.png?raw=true,,G,Progeny of Mordel,81631
Sabertooth Mauler,Iconic Altercation,2,Instant,G,VNM,,common,,Owned,Non-foil,FALSE,https://github.com/Tvpattack/Vinimroth-Eternities/blob/main/Iconic%20Altercation.png?raw=true,,G,Iconic Altercation,81631
Sabertooth Mauler,Boon of Roduth,1,Instant,G,VNM,,common,,Owned,Non-foil,FALSE,https://github.com/Tvpattack/Vinimroth-Eternities/blob/main/Boon%20of%20Roduth.png?raw=true,,G,Boon of Roduth,81631
Sabertooth Mauler,Ripped into Eternity,2,Instant,G,VNM,,common,,Owned,Non-foil,FALSE,https://github.com/Tvpattack/Vinimroth-Eternities/blob/main/Ripped%20into%20Eternity.png?raw=true,,G,Ripped into Eternity,81631
Sabertooth Mauler,Rifttouched Ursine,2,Creature — Bear Shaman,G,VNM,,uncommon,,Owned,Non-foil,FALSE,https://github.com/Tvpattack/Vinimroth-Eternities/blob/main/Rifttouched%20Ursine.png?raw=true,,G,Rifttouched Ursine,81631
Sabertooth Mauler,Triumphant Riftcaller,4,Creature — Bear Berserker,G,VNM,,uncommon,,Owned,Non-foil,FALSE,https://github.com/Tvpattack/Vinimroth-Eternities/blob/main/Triumphant%20Riftcaller.png?raw=true,,G,Triumphant Riftcaller,81631
Sabertooth Mauler,Forest Assailant,5,Enchantment Creature — Icon Barbarian,G,VNM,,uncommon,,Owned,Non-foil,FALSE,https://github.com/Tvpattack/Vinimroth-Eternities/blob/main/Forest%20Assailant.png?raw=true,,G,Forest Assailant,81631
Sabertooth Mauler,Progeny of Bruin,7,Creature — Wurm Shaman,G,VNM,,uncommon,,Owned,Non-foil,FALSE,https://github.com/Tvpattack/Vinimroth-Eternities/blob/main/Progeny%20of%20Bruin.png?raw=true,,G,Progeny of Bruin,81631
Sabertooth Mauler,Rippling Crustacean,2,Creature — Crab,,VNM,,common,,Owned,Non-foil,FALSE,https://github.com/Tvpattack/Vinimroth-Eternities/blob/main/Rippling%20Crustacean.png?raw=true,,,Rippling Crustacean,81631
Sabertooth Mauler,Starbright Entity,2,Tribal Enchantment — Cat Entity,,VNM,,common,,Owned,Non-foil,FALSE,https://github.com/Tvpattack/Vinimroth-Eternities/blob/main/Starbright%20Entity.png?raw=true,,F,Starbright Entity,81631
Sabertooth Mauler,Aspiring Entity,4,Tribal Enchantment — Elk Entity,,VNM,,common,,Owned,Non-foil,FALSE,https://github.com/Tvpattack/Vinimroth-Eternities/blob/main/Aspiring%20Entity.png?raw=true,,,Aspiring Entity,81631
Sabertooth Mauler,Wings of New Horizons,1,Artifact — Equipment,,VNM,,common,,Owned,Non-foil,FALSE,https://github.com/Tvpattack/Vinimroth-Eternities/blob/main/Wings%20of%20New%20Horizons.png?raw=true,,,Wings of New Horizons,81631
Sabertooth Mauler,Rip to Tomorrow,0,Land,,VNM,,common,,Owned,Non-foil,FALSE,https://github.com/Tvpattack/Vinimroth-Eternities/blob/main/Rip%20to%20Tomorrow.png?raw=true,,,Rip to Tomorrow,81631
Sabertooth Mauler,Powerstone Claw,1,Artifact,,VNM,,common,,Owned,Non-foil,FALSE,https://github.com/Tvpattack/Vinimroth-Eternities/blob/main/Powerstone%20Claw.png?raw=true,,,Powerstone Claw,81631
Sabertooth Mauler,Wandering Entity,1,Tribal Enchantment — Cat Entity,,VNM,,common,,Owned,Non-foil,FALSE,https://github.com/Tvpattack/Vinimroth-Eternities/blob/main/Wandering%20Entity.png?raw=true,,,Wandering Entity,81631
Sabertooth Mauler,Pinnacle Skitter,4,Creature — Snake,,VNM,,common,,Owned,Non-foil,FALSE,https://github.com/Tvpattack/Vinimroth-Eternities/blob/main/Pinnacle%20Skitter.png?raw=true,,F,Pinnacle Skitter,81631
Sabertooth Mauler,Tidepool Scuttler,6,Creature — Octopus Fish,,VNM,,uncommon,,Owned,Non-foil,FALSE,https://github.com/Tvpattack/Vinimroth-Eternities/blob/main/Tidepool%20Scuttler.png?raw=true,,,Tidepool Scuttler,81631
Sabertooth Mauler,Explorers Compass,1,Artifact — Equipment,,VNM,,uncommon,,Owned,Non-foil,FALSE,https://github.com/Tvpattack/Vinimroth-Eternities/blob/main/Explorers%20Compass.png?raw=true,,,Explorers Compass,81631
Sabertooth Mauler,Pinnacle Wanderer,4,Creature — Incarnation,W,VNM,,uncommon,,Owned,Non-foil,FALSE,https://github.com/Tvpattack/Vinimroth-Eternities/blob/main/Pinnacle%20Wanderer.png?raw=true,,FW,Pinnacle Wanderer,81631
Sabertooth Mauler,Frostnip Watcher,4,Creature — Incarnation,U,VNM,,uncommon,,Owned,Non-foil,FALSE,https://github.com/Tvpattack/Vinimroth-Eternities/blob/main/Frostnip%20Watcher.png?raw=true,,FU,Frostnip Watcher,81631
Sabertooth Mauler,Shroud Walkers,5,Creature — Nightmare,B,VNM,,uncommon,,Owned,Non-foil,FALSE,https://github.com/Tvpattack/Vinimroth-Eternities/blob/main/Shroud%20Walkers.png?raw=true,,FB,Shroud Walkers,81631
Sabertooth Mauler,Verem-Volcano Stalker,5,Creature — Incarnation,R,VNM,,uncommon,,Owned,Non-foil,FALSE,https://github.com/Tvpattack/Vinimroth-Eternities/blob/main/Verem-Volcano%20Stalker.png?raw=true,,R,Verem-Volcano Stalker,81631
Sabertooth Mauler,Power of Oath,1,Enchantment — Aura,W,VNM,,common,,Owned,Non-foil,FALSE,https://github.com/Tvpattack/Vinimroth-Eternities/blob/main/Power%20of%20Oath.png?raw=true,,W,Power of Oath,81631
Sabertooth Mauler,Iconic Absolution,3,Instant,W,VNM,,common,,Owned,Non-foil,FALSE,https://github.com/Tvpattack/Vinimroth-Eternities/blob/main/Iconic%20Absolution.png?raw=true,,W,Iconic Absolution,81631
Sabertooth Mauler,Wipe the Wicked,3,Enchantment,W,VNM,,uncommon,,Owned,Non-foil,FALSE,https://github.com/Tvpattack/Vinimroth-Eternities/blob/main/Wipe%20the%20Wicked.png?raw=true,,W,Wipe the Wicked,81631
Sabertooth Mauler,Stalwart Resolution,3,Instant,W,VNM,,uncommon,,Owned,Non-foil,FALSE,https://github.com/Tvpattack/Vinimroth-Eternities/blob/main/Stalwart%20Resolution.png?raw=true,,W,Stalwart Resolution,81631
Sabertooth Mauler,Fadove Willshaper,4,Creature — Human Cleric Spellshaper,W,VNM,,uncommon,,Owned,Non-foil,FALSE,https://github.com/Tvpattack/Vinimroth-Eternities/blob/main/Fadove%20Willshaper.png?raw=true,,W,Fadove Willshaper,81631
Sabertooth Mauler,Returned from Beyond,6,Sorcery,B,VNM,,uncommon,,Owned,Non-foil,FALSE,https://github.com/Tvpattack/Vinimroth-Eternities/blob/main/Returned%20from%20Beyond.png?raw=true,,B,Returned from Beyond,81631
Sabertooth Mauler,Rift Burn,4,Instant,R,VNM,,uncommon,,Owned,Non-foil,FALSE,https://github.com/Tvpattack/Vinimroth-Eternities/blob/main/Rift%20Burn.png?raw=true,,R,Rift Burn,81631
Sabertooth Mauler,Windshaper Drake,2,Enchantment Creature — Drake,U,VNM,,common,,Owned,Non-foil,FALSE,https://github.com/Tvpattack/Vinimroth-Eternities/blob/main/Windshaper%20Drake.png?raw=true,,U,Windshaper Drake,81631
Sabertooth Mauler,Study the Rifts,4,Instant,U,VNM,,uncommon,,Owned,Non-foil,FALSE,https://github.com/Tvpattack/Vinimroth-Eternities/blob/main/Study%20the%20Rifts.png?raw=true,,U,Study the Rifts,81631
Sabertooth Mauler,Blessing of Uth,2,Artifact — Equipment,G,VNM,,common,,Owned,Non-foil,FALSE,https://github.com/Tvpattack/Vinimroth-Eternities/blob/main/Blessing%20of%20Uth.png?raw=true,,G,Blessing of Uth,81631
Sabertooth Mauler,Multaphs Resplendant,3,Enchantment Creature — Icon Elk,G,VNM,,uncommon,,Owned,Non-foil,FALSE,https://github.com/Tvpattack/Vinimroth-Eternities/blob/main/Multaphs%20Resplendant.png?raw=true,,G,Multaphs Resplendant,81631
Sabertooth Mauler,Bruin Outlander,2,Creature — Bear Scout,G,VNM,,common,,Owned,Non-foil,FALSE,https://github.com/Tvpattack/Vinimroth-Eternities/blob/main/Bruin%20Outlander.png?raw=true,,G,Bruin Outlander,81631
Sabertooth Mauler,Dark Lessons,3,Enchantment — Aura,B,VNM,,common,,Owned,Non-foil,FALSE,https://github.com/Tvpattack/Vinimroth-Eternities/blob/main/Dark%20Lessons.png?raw=true,,B,Dark Lessons,81631
Sabertooth Mauler,Chromaboon Blade,1,Artifact — Equipment,R,VNM,,uncommon,,Owned,Non-foil,FALSE,https://github.com/Tvpattack/Vinimroth-Eternities/blob/main/Chromaboon%20Blade.png?raw=true,,R,Chromaboon Blade,81631
Sabertooth Mauler,Towering Protector,4,Artifact Creature — Construct,R,VNM,,common,,Owned,Non-foil,FALSE,https://github.com/Tvpattack/Vinimroth-Eternities/blob/main/Towering%20Protector.png?raw=true,,R,Towering Protector,81631
Sabertooth Mauler,Sage of the Aeons,2,Creature — Human Warlock,BR,VNM,,uncommon,,Owned,Non-foil,FALSE,https://github.com/Tvpattack/Vinimroth-Eternities/blob/main/Sage%20of%20the%20Aeons.png?raw=true,,BR,Sage of the Aeons,81631
Sabertooth Mauler,Avakin Opportunist,2,Creature — Bird Warlock,U,VNM,,common,,Owned,Non-foil,FALSE,https://github.com/Tvpattack/Vinimroth-Eternities/blob/main/Avakin%20Opportunist.png?raw=true,,U,Avakin Opportunist,81631
Sabertooth Mauler,Sage of Truths,1,Creature — Elf Shaman Spellshaper,U,VNM,,common,,Owned,Non-foil,FALSE,https://github.com/Tvpattack/Vinimroth-Eternities/blob/main/Sage%20of%20Truths.png?raw=true,,U,Sage of Truths,81631
Sabertooth Mauler,Stalwart Guard,4,Tribal Enchantment — Wolf Entity,WU,VNM,,common,,Owned,Non-foil,FALSE,https://github.com/Tvpattack/Vinimroth-Eternities/blob/main/Stalwart%20Guard.png?raw=true,,WU,Stalwart Guard,81631
Sabertooth Mauler,Outlands Wanderer,2,Creature — Human Scout Spellshaper,U,VNM,,common,,Owned,Non-foil,FALSE,https://github.com/Tvpattack/Vinimroth-Eternities/blob/main/Outlands%20Wanderer.png?raw=true,,U,Outlands Wanderer,81631
Sabertooth Mauler,Frostborn Glimmer,3,Enchantment Creature — Icon Bird,U,VNM,,common,,Owned,Non-foil,FALSE,https://github.com/Tvpattack/Vinimroth-Eternities/blob/main/Frostborn%20Glimmer.png?raw=true,,U,Frostborn Glimmer,81631
Sabertooth Mauler,Kaln-Ocean Cloak,1,Artifact — Equipment,U,VNM,,common,,Owned,Non-foil,FALSE,https://github.com/Tvpattack/Vinimroth-Eternities/blob/main/Kaln-Ocean%20Cloak.png?raw=true,,U,Kaln-Ocean Cloak,81631
Sabertooth Mauler,Suffused Memories,2,Instant,U,VNM,,common,,Owned,Non-foil,FALSE,https://github.com/Tvpattack/Vinimroth-Eternities/blob/main/Suffused%20Memories.png?raw=true,,U,Suffused Memories,81631
Sabertooth Mauler,Search For Wisdom,3,Sorcery,U,VNM,,common,,Owned,Non-foil,FALSE,https://github.com/Tvpattack/Vinimroth-Eternities/blob/main/Search%20For%20Wisdom.png?raw=true,,U,Search For Wisdom,81631
Sabertooth Mauler,Avakin Watcher,4,Creature — Bird Warlock Spellshaper,U,VNM,,common,,Owned,Non-foil,FALSE,https://github.com/Tvpattack/Vinimroth-Eternities/blob/main/Avakin%20Watcher.png?raw=true,,U,Avakin Watcher,81631
Sabertooth Mauler,Transient Eternity,3,Enchantment Creature — Icon Wizard,WU,VNM,,common,,Owned,Non-foil,FALSE,https://github.com/Tvpattack/Vinimroth-Eternities/blob/main/Transient%20Eternity.png?raw=true,,WU,Transient Eternity,81631
Sabertooth Mauler,Abrupt Death,4,Enchantment Creature — Icon Scout,UB,VNM,,common,,Owned,Non-foil,FALSE,https://github.com/Tvpattack/Vinimroth-Eternities/blob/main/Abrupt%20Death.png?raw=true,,UB,Abrupt Death,81631
Sabertooth Mauler,Fleeting Ruin,2,Enchantment Creature — Icon Rogue,BR,VNM,,common,,Owned,Non-foil,FALSE,https://github.com/Tvpattack/Vinimroth-Eternities/blob/main/Fleeting%20Ruin.png?raw=true,,BR,Fleeting Ruin,81631
Sabertooth Mauler,Impetuous Eradication,4,Enchantment Creature — Icon Berserker,RG,VNM,,common,,Owned,Non-foil,FALSE,https://github.com/Tvpattack/Vinimroth-Eternities/blob/main/Impetuous%20Eradication.png?raw=true,,RG,Impetuous Eradication,81631
Sabertooth Mauler,Ephemeral Ordinance,5,Enchantment Creature — Icon Warrior,WG,VNM,,common,,Owned,Non-foil,FALSE,https://github.com/Tvpattack/Vinimroth-Eternities/blob/main/Ephemeral%20Ordinance.png?raw=true,,WG,Ephemeral Ordinance,81631
Sabertooth Mauler,Vanishing Resolve,2,Enchantment Creature — Icon Warlock,WB,VNM,,common,,Owned,Non-foil,FALSE,https://github.com/Tvpattack/Vinimroth-Eternities/blob/main/Vanishing%20Resolve.png?raw=true,,WB,Vanishing Resolve,81631
Sabertooth Mauler,Cursory Casualty,3,Enchantment Creature — Icon Warlock,BG,VNM,,common,,Owned,Non-foil,FALSE,https://github.com/Tvpattack/Vinimroth-Eternities/blob/main/Cursory%20Casualty.png?raw=true,,BG,Cursory Casualty,81631
Sabertooth Mauler,Transitory Refuge,5,Enchantment Creature — Icon Nomad,UG,VNM,,common,,Owned,Non-foil,FALSE,https://github.com/Tvpattack/Vinimroth-Eternities/blob/main/Transitory%20Refuge.png?raw=true,,UG,Transitory Refuge,81631
Sabertooth Mauler,Evanescent Impasse,3,Enchantment Creature — Icon Mystic,UR,VNM,,common,,Owned,Non-foil,FALSE,https://github.com/Tvpattack/Vinimroth-Eternities/blob/main/Evanescent%20Impasse.png?raw=true,,UR,Evanescent Impasse,81631
Sabertooth Mauler,Sublime Liquidation,3,Enchantment Creature — Icon Warrior,WR,VNM,,common,,Owned,Non-foil,FALSE,https://github.com/Tvpattack/Vinimroth-Eternities/blob/main/Sublime%20Liquidation.png?raw=true,,WR,Sublime Liquidation,81631
Sabertooth Mauler,Mistblade Rogue,3,Enchantment Creature — Icon Rogue,B,VNM,,uncommon,,Owned,Non-foil,FALSE,https://github.com/Tvpattack/Vinimroth-Eternities/blob/main/Mistblade%20Rogue.png?raw=true,,B,Mistblade Rogue,81631
Sabertooth Mauler,Manifesting Ardor,3,Enchantment Creature — Icon Druid,G,VNM,,uncommon,,Owned,Non-foil,FALSE,https://github.com/Tvpattack/Vinimroth-Eternities/blob/main/Manifesting%20Ardor.png?raw=true,,G,Manifesting Ardor,81631
Sabertooth Mauler,Prismatic Powerstone,3,Artifact,,VNM,,uncommon,,Owned,Non-foil,FALSE,https://github.com/Tvpattack/Vinimroth-Eternities/blob/main/Prismatic%20Powerstone.png?raw=true,,,Prismatic Powerstone,81631
Sabertooth Mauler,Razorshell Drake,6,Creature — Drake Turtle,U,VNM,,common,,Owned,Non-foil,FALSE,https://github.com/Tvpattack/Vinimroth-Eternities/blob/main/Razorshell%20Drake.png?raw=true,,U,Razorshell Drake,81631
Sabertooth Mauler,Verem-Volcano Warrior,6,Creature — Wurm Warrior,R,VNM,,uncommon,,Owned,Non-foil,FALSE,https://github.com/Tvpattack/Vinimroth-Eternities/blob/main/Verem-Volcano%20Warrior.png?raw=true,,R,Verem-Volcano Warrior,81631
Sabertooth Mauler,Outlands Protector,1,Creature — Human Mercenary Spellshaper,G,VNM,,uncommon,,Owned,Non-foil,FALSE,https://github.com/Tvpattack/Vinimroth-Eternities/blob/main/Outlands%20Protector.png?raw=true,,G,Outlands Protector,81631
Sabertooth Mauler,Smoldering Entity,1,Tribal Enchantment — Dragon Entity,R,VNM,,uncommon,,Owned,Non-foil,FALSE,https://github.com/Tvpattack/Vinimroth-Eternities/blob/main/Smoldering%20Entity.png?raw=true,,R,Smoldering Entity,81631
Sabertooth Mauler,Skywatch Entity,2,Tribal Enchantment — Bird Entity,U,VNM,,uncommon,,Owned,Non-foil,FALSE,https://github.com/Tvpattack/Vinimroth-Eternities/blob/main/Skywatch%20Entity.png?raw=true,,U,Skywatch Entity,81631
Sabertooth Mauler,Giants Blade,3,Artifact — Equipment,W,VNM,,uncommon,,Owned,Non-foil,FALSE,https://github.com/Tvpattack/Vinimroth-Eternities/blob/main/Giants%20Blade.png?raw=true,,W,Giants Blade,81631
Sabertooth Mauler,Voidborn Entity,2,Tribal Enchantment — Rat Entity,BR,VNM,,common,,Owned,Non-foil,FALSE,https://github.com/Tvpattack/Vinimroth-Eternities/blob/main/Voidborn%20Entity.png?raw=true,,BR,Voidborn Entity,81631
Sabertooth Mauler,Chittering Entity,1,Tribal Enchantment — Squirrel Entity,WG,VNM,,common,,Owned,Non-foil,FALSE,https://github.com/Tvpattack/Vinimroth-Eternities/blob/main/Chittering%20Entity.png?raw=true,,WG,Chittering Entity,81631
Sabertooth Mauler,Riftborn Flames,4,Instant,R,VNM,,common,,Owned,Non-foil,FALSE,https://github.com/Tvpattack/Vinimroth-Eternities/blob/main/Riftborn%20Flames.png?raw=true,,R,Riftborn Flames,81631
Sabertooth Mauler,Shining Idol,2,Enchantment Creature — Icon Cleric,W,VNM,,common,,Owned,Non-foil,FALSE,https://github.com/Tvpattack/Vinimroth-Eternities/blob/main/Shining%20Idol.png?raw=true,,W,Shining Idol,81631
Sabertooth Mauler,Triumphant Entrance,3,Enchantment,W,VNM,,common,,Owned,Non-foil,FALSE,https://github.com/Tvpattack/Vinimroth-Eternities/blob/main/Triumphant%20Entrance.png?raw=true,,W,Triumphant Entrance,81631
Sabertooth Mauler,Midnight Raven,1,Tribal Enchantment — Bird Entity,WB,VNM,,uncommon,,Owned,Non-foil,FALSE,https://github.com/Tvpattack/Vinimroth-Eternities/blob/main/Midnight%20Raven.png?raw=true,,WB,Midnight Raven,81631
Sabertooth Mauler,Outlands Riftbearer,2,Creature — Human Warlock Spellshaper,W,VNM,,common,,Owned,Non-foil,FALSE,https://github.com/Tvpattack/Vinimroth-Eternities/blob/main/Outlands%20Riftbearer.png?raw=true,,W,Outlands Riftbearer,81631
Sabertooth Mauler,Mordel Clanwarden,2,Creature — Human Scout,G,VNM,,common,,Owned,Non-foil,FALSE,https://github.com/Tvpattack/Vinimroth-Eternities/blob/main/Mordel%20Clanwarden.png?raw=true,,G,Mordel Clanwarden,81631
Sabertooth Mauler,Warden of the Lost,2,Creature — Human Shaman,B,VNM,,common,,Owned,Non-foil,FALSE,https://github.com/Tvpattack/Vinimroth-Eternities/blob/main/Warden%20of%20the%20Lost.png?raw=true,,B,Warden of the Lost,81631
Sabertooth Mauler,Warforged Herald,2,Creature — Human Warrior Spellshaper,R,VNM,,common,,Owned,Non-foil,FALSE,https://github.com/Tvpattack/Vinimroth-Eternities/blob/main/Warforged%20Herald.png?raw=true,,R,Warforged Herald,81631
Sabertooth Mauler,Iconic Incident,2,Instant,U,VNM,,common,,Owned,Non-foil,FALSE,https://github.com/Tvpattack/Vinimroth-Eternities/blob/main/Iconic%20Incident.png?raw=true,,U,Iconic Incident,81631
Sabertooth Mauler,Mordel Warrior,2,Creature — Bear Warrior Spellshaper,G,VNM,,common,,Owned,Non-foil,FALSE,https://github.com/Tvpattack/Vinimroth-Eternities/blob/main/Mordel%20Warrior.png?raw=true,,G,Mordel Warrior,81631
Sabertooth Mauler,Keeper of Calm,3,Creature — Bear Shaman Spellshaper,G,VNM,,common,,Owned,Non-foil,FALSE,https://github.com/Tvpattack/Vinimroth-Eternities/blob/main/Keeper%20of%20Calm.png?raw=true,,G,Keeper of Calm,81631
Sabertooth Mauler,Avlod Bulwark,6,Creature — Human Warlock Spellshaper,B,VNM,,common,,Owned,Non-foil,FALSE,https://github.com/Tvpattack/Vinimroth-Eternities/blob/main/Avlod%20Bulwark.png?raw=true,,B,Avlod Bulwark,81631
Sabertooth Mauler,Faloden Thickets,5,Creature — Plant,G,VNM,,uncommon,,Owned,Non-foil,FALSE,https://github.com/Tvpattack/Vinimroth-Eternities/blob/main/Faloden%20Thickets.png?raw=true,,FG,Faloden Thickets,81631
Sabertooth Mauler,Faloden Tear-Warden,2,Creature — Beast,,VNM,,uncommon,,Owned,Non-foil,FALSE,https://github.com/Tvpattack/Vinimroth-Eternities/blob/main/Faloden%20Tear-Warden.png?raw=true,,,Faloden Tear-Warden,81631
Sabertooth Mauler,Tofnet Predator,4,Creature — Insect,,VNM,,uncommon,,Owned,Non-foil,FALSE,https://github.com/Tvpattack/Vinimroth-Eternities/blob/main/Tofnet%20Predator.png?raw=true,,F,Tofnet Predator,81631
Sabertooth Mauler,Remnant Awakener,5,Creature — Nightmare,,VNM,,common,,Owned,Non-foil,FALSE,https://github.com/Tvpattack/Vinimroth-Eternities/blob/main/Remnant%20Awakener.png?raw=true,,,Remnant Awakener,81631
Sabertooth Mauler,Waterspout,2,Sorcery,UG,VNM,,common,,Owned,Non-foil,FALSE,https://github.com/Tvpattack/Vinimroth-Eternities/blob/main/Waterspout.png?raw=true,,UG,Waterspout,81631
Sabertooth Mauler,Malevolent Naginata,1,Artifact — Equipment,B,VNM,,uncommon,,Owned,Non-foil,FALSE,https://github.com/Tvpattack/Vinimroth-Eternities/blob/main/Malevolent%20Naginata.png?raw=true,,B,Malevolent Naginata,81631
Sabertooth Mauler,Skillful Blade,2,Artifact — Equipment,U,VNM,,uncommon,,Owned,Non-foil,FALSE,https://github.com/Tvpattack/Vinimroth-Eternities/blob/main/Skillful%20Blade.png?raw=true,,U,Skillful Blade,81631
Sabertooth Mauler,Tattered Entity,2,Tribal Enchantment — Spirit Entity,B,VNM,,uncommon,,Owned,Non-foil,FALSE,https://github.com/Tvpattack/Vinimroth-Eternities/blob/main/Tattered%20Entity.png?raw=true,,B,Tattered Entity,81631
Sabertooth Mauler,Crowned Entity,4,Tribal Enchantment — Elk Entity,G,VNM,,uncommon,,Owned,Non-foil,FALSE,https://github.com/Tvpattack/Vinimroth-Eternities/blob/main/Crowned%20Entity.png?raw=true,,G,Crowned Entity,81631
Sabertooth Mauler,Flaming Iron,2,Artifact — Equipment,R,VNM,,common,,Owned,Non-foil,FALSE,https://github.com/Tvpattack/Vinimroth-Eternities/blob/main/Flaming%20Iron.png?raw=true,,R,Flaming Iron,81631
Sabertooth Mauler,Usher of the Lost,3,Tribal Enchantment — Elk Entity,W,VNM,,uncommon,,Owned,Non-foil,FALSE,https://github.com/Tvpattack/Vinimroth-Eternities/blob/main/Usher%20of%20the%20Lost.png?raw=true,,W,Usher of the Lost,81631
Sabertooth Mauler,Voidstone Shard,2,Enchantment,,VNM,,special,,Owned,Non-foil,FALSE,https://github.com/Tvpattack/Vinimroth-Eternities/blob/main/Voidstone%20Shard.png?raw=true,,,Voidstone Shard,81631
Sabertooth Mauler,Reformed Rift,0,Land,,VNM,,special,,Owned,Non-foil,FALSE,https://github.com/Tvpattack/Vinimroth-Eternities/blob/main/Reformed%20Rift.png?raw=true,,,Reformed Rift,81631
Sabertooth Mauler,Vin-Mountain,0,Basic Land — Mountain,,VNM,,special,,Owned,Non-foil,FALSE,https://github.com/Tvpattack/Vinimroth-Eternities/blob/main/Vin-Mountain.png?raw=true,,,Vin-Mountain,81631
Sabertooth Mauler,Subdued Rift,1,Skill Sorcery,WB,VNM,,special,,Owned,Non-foil,FALSE,https://github.com/Tvpattack/Vinimroth-Eternities/blob/main/Subdued%20Rift.png?raw=true,,WB,Subdued Rift,81631
Sabertooth Mauler,Hollow Graze,2,Skill Instant,UB,VNM,,special,,Owned,Non-foil,FALSE,https://github.com/Tvpattack/Vinimroth-Eternities/blob/main/Hollow%20Graze.png?raw=true,,UB,Hollow Graze,81631
Sabertooth Mauler,Ever Vigilant,2,Skill Sorcery,UG,VNM,,special,,Owned,Non-foil,FALSE,https://github.com/Tvpattack/Vinimroth-Eternities/blob/main/Ever%20Vigilant.png?raw=true,,UG,Ever Vigilant,81631
Sabertooth Mauler,Steady Growth,2,Enchantment,BG,VNM,,special,,Owned,Non-foil,FALSE,https://github.com/Tvpattack/Vinimroth-Eternities/blob/main/Steady%20Growth.png?raw=true,,BG,Steady Growth,81631
Sabertooth Mauler,Prepared Strike,1,Skill Sorcery,R,VNM,,special,,Owned,Non-foil,FALSE,https://github.com/Tvpattack/Vinimroth-Eternities/blob/main/Prepared%20Strike.png?raw=true,,R,Prepared Strike,81631
Sabertooth Mauler,In the Moment,2,Skill Sorcery,R,VNM,,special,,Owned,Non-foil,FALSE,https://github.com/Tvpattack/Vinimroth-Eternities/blob/main/In%20the%20Moment.png?raw=true,,R,In the Moment,81631
Sabertooth Mauler,Reshape Will,2,Skill Instant,WU,VNM,,special,,Owned,Non-foil,FALSE,https://github.com/Tvpattack/Vinimroth-Eternities/blob/main/Reshape%20Will.png?raw=true,,WU,Reshape Will,81631
Sabertooth Mauler,Readied Assault,4,Skill Sorcery,WR,VNM,,special,,Owned,Non-foil,FALSE,https://github.com/Tvpattack/Vinimroth-Eternities/blob/main/Readied%20Assault.png?raw=true,,WR,Readied Assault,81631
Sabertooth Mauler,Military Training,1,Skill Instant,WG,VNM,,special,,Owned,Non-foil,FALSE,https://github.com/Tvpattack/Vinimroth-Eternities/blob/main/Military%20Training.png?raw=true,,WG,Military Training,81631
Sabertooth Mauler,GreenVinWurm,0,Token Creature — Wurm,,VNM,,special,,Owned,Non-foil,FALSE,https://github.com/Tvpattack/Vinimroth-Eternities/blob/main/GreenVinWurm.png?raw=true,,,GreenVinWurm,81631
Sabertooth Mauler,WhiteVinWurm,0,Token Creature — Wurm,,VNM,,special,,Owned,Non-foil,FALSE,https://github.com/Tvpattack/Vinimroth-Eternities/blob/main/WhiteVinWurm.png?raw=true,,,WhiteVinWurm,81631
Sabertooth Mauler,VinRedWurm,0,Token Creature — Wurm,,VNM,,special,,Owned,Non-foil,FALSE,https://github.com/Tvpattack/Vinimroth-Eternities/blob/main/VinRedWurm.png?raw=true,,,VinRedWurm,81631
Sabertooth Mauler,VinDrake,0,Token Creature — Drake,,VNM,,special,,Owned,Non-foil,FALSE,https://github.com/Tvpattack/Vinimroth-Eternities/blob/main/VinDrake.png?raw=true,,,VinDrake,81631
Sabertooth Mauler,Icebound Reinforcements Token,3,Token Creature — Human Scout,UG,VNM,,special,,Owned,Non-foil,FALSE,https://github.com/Tvpattack/Vinimroth-Eternities/blob/main/Icebound%20Reinforcements%20Token.png?raw=true,,UG,Icebound Reinforcements Token,81631
Sabertooth Mauler,Luminous,0,Token Reminder,,VNM,,special,,Owned,Non-foil,FALSE,https://github.com/Tvpattack/Vinimroth-Eternities/blob/main/Luminous.png?raw=true,,,Luminous,81631
Sabertooth Mauler,Breaking the Mold,2,Instant,RG,VNM,,uncommon,,Owned,Non-foil,FALSE,https://github.com/Tvpattack/Vinimroth-Eternities/blob/main/Breaking%20the%20Mold.png?raw=true,,RG,Breaking the Mold,81631
Sabertooth Mauler,Cat Token,0,Token Enchantment Creature — Cat,,VNM,,common,,Owned,Non-foil,FALSE,https://github.com/Tvpattack/Vinimroth-Eternities/blob/main/Cat%20Token.png?raw=true,,,Cat Token,81631
Sabertooth Mauler,Warped Exploration,2,Skill Sorcery,,VNM,,special,,Owned,Non-foil,FALSE,https://github.com/Tvpattack/Vinimroth-Eternities/blob/main/Warped%20Exploration.png?raw=true,,,Warped Exploration,81631
Sabertooth Mauler,Vin-Blue-Drake,0,Token Creature — Drake,,VNM,,special,,Owned,Non-foil,FALSE,https://github.com/Tvpattack/Vinimroth-Eternities/blob/main/Vin-Blue-Drake.png?raw=true,,,Vin-Blue-Drake,81631
Sabertooth Mauler,Vin-Plains,0,Basic Land — Plains,,VNM,,special,,Owned,Non-foil,FALSE,https://github.com/Tvpattack/Vinimroth-Eternities/blob/main/Vin-Plains.png?raw=true,,,Vin-Plains,81631
Sabertooth Mauler,Vin-Island,0,Basic Land — Island,,VNM,,special,,Owned,Non-foil,FALSE,https://github.com/Tvpattack/Vinimroth-Eternities/blob/main/Vin-Island.png?raw=true,,,Vin-Island,81631
Sabertooth Mauler,Vin-Swamp,0,Basic Land — Swamp,,VNM,,special,,Owned,Non-foil,FALSE,https://github.com/Tvpattack/Vinimroth-Eternities/blob/main/Vin-Swamp.png?raw=true,,,Vin-Swamp,81631
Sabertooth Mauler,Vin-Forest,0,Basic Land — Forest,,VNM,,special,,Owned,Non-foil,FALSE,https://github.com/Tvpattack/Vinimroth-Eternities/blob/main/Vin-Forest.png?raw=true,,,Vin-Forest,81631
Sabertooth Mauler,Harsh Reprise,1,Skill Instant,B,VNM,,special,,Owned,Non-foil,FALSE,https://github.com/Tvpattack/Vinimroth-Eternities/blob/main/Harsh%20Reprise.png?raw=true,,B,Harsh Reprise,81631
Sabertooth Mauler,Ruins of Multa,3,Legendary Enchantment Artifact,W,VNM,,rare,,Owned,Non-foil,FALSE,https://github.com/Tvpattack/Vinimroth-Eternities/blob/main/Ruins%20of%20Multa.png?raw=true,,W,Ruins of Multa,81631
Sabertooth Mauler,Multaph Riftborn God,3,Legendary Enchantment Creature — Icon Elk God,UB,VNM,,rare,,Owned,Non-foil,FALSE,https://github.com/Tvpattack/Vinimroth-Eternities/blob/main/Multaph%20Riftborn%20God.png?raw=true,,UB,Multaph Riftborn God,81631
Sabertooth Mauler,Will of Roduth,3,Creature — God Wurm Reflection,R,VNM,,rare,,Owned,Non-foil,FALSE,https://github.com/Tvpattack/Vinimroth-Eternities/blob/main/Will%20of%20Roduth.png?raw=true,,R,Will of Roduth,81631
Sabertooth Mauler,Will of Multaph,3,Creature — God Elk Reflection,U,VNM,,rare,,Owned,Non-foil,FALSE,https://github.com/Tvpattack/Vinimroth-Eternities/blob/main/Will%20of%20Multaph.png?raw=true,,U,Will of Multaph,81631
Sabertooth Mauler,Will of Destruction,4,Legendary Enchantment Creature — Reflection Wizard,UBR,VNM,,rare,,Owned,Non-foil,FALSE,https://github.com/Tvpattack/Vinimroth-Eternities/blob/main/Will%20of%20Destruction.png?raw=true,,UBR,Will of Destruction,81631
Sabertooth Mauler,The Great Tear,6,Sorcery,W,VNM,,rare,,Owned,Non-foil,FALSE,https://github.com/Tvpattack/Vinimroth-Eternities/blob/main/The%20Great%20Tear.png?raw=true,,W,The Great Tear,81631
Sabertooth Mauler,Multaphs Respite,3,Legendary Enchantment,WUR,VNM,,rare,,Owned,Non-foil,FALSE,https://github.com/Tvpattack/Vinimroth-Eternities/blob/main/Multaphs%20Respite.png?raw=true,,FWUR,Multaphs Respite,81631
Sabertooth Mauler,The Wandering Cook,4,Legendary Enchantment Creature — Bird,,VNM,,rare,,Owned,Non-foil,FALSE,https://github.com/Tvpattack/Vinimroth-Eternities/blob/main/The%20Wandering%20Cook.png?raw=true,,F,The Wandering Cook,81631
Sabertooth Mauler,Najael Travelling Shaman,4,Legendary Enchantment Creature — Human Shaman,UG,VNM,,rare,,Owned,Non-foil,FALSE,https://github.com/Tvpattack/Vinimroth-Eternities/blob/main/Najael%20Travelling%20Shaman.png?raw=true,,UG,Najael Travelling Shaman,81631
Sabertooth Mauler,Called by the Void,2,Instant,B,VNM,,uncommon,,Owned,Non-foil,FALSE,https://github.com/Tvpattack/Vinimroth-Eternities/blob/main/Called%20by%20the%20Void.png?raw=true,,B,Called by the Void,81631
Sabertooth Mauler,Ruins of Uth,6,Legendary Enchantment Artifact,G,VNM,,rare,,Owned,Non-foil,FALSE,https://github.com/Tvpattack/Vinimroth-Eternities/blob/main/Ruins%20of%20Uth.png?raw=true,,G,Ruins of Uth,81631
Sabertooth Mauler,Will of Hunger,3,Creature — Reflection,,VNM,,rare,,Owned,Non-foil,FALSE,https://github.com/Tvpattack/Vinimroth-Eternities/blob/main/Will%20of%20Hunger.png?raw=true,,,Will of Hunger,81631
Sabertooth Mauler,Roduth God of Conflict,5,Legendary Enchantment Creature — Wurm Elk God,WRG,VNM,,rare,,Owned,Non-foil,FALSE,https://github.com/Tvpattack/Vinimroth-Eternities/blob/main/Roduth%20God%20of%20Conflict.png?raw=true,,WRG,Roduth God of Conflict,81631
Sabertooth Mauler,Thargle,5,Legendary Creature — Frog Demon,B,VNM,,rare,,Owned,Non-foil,FALSE,https://github.com/Tvpattack/Vinimroth-Eternities/blob/main/Thargle.png?raw=true,,B,Thargle,81631
Sabertooth Mauler,Cut from Void,3,Skill Instant,U,VNM,,special,,Owned,Non-foil,FALSE,https://github.com/Tvpattack/Vinimroth-Eternities/blob/main/Cut%20from%20Void.png?raw=true,,U,Cut from Void,81631
Sabertooth Mauler,Rip to Yesterday,0,Land,,VNM,,rare,,Owned,Non-foil,FALSE,https://github.com/Tvpattack/Vinimroth-Eternities/blob/main/Rip%20to%20Yesterday.png?raw=true,,,Rip to Yesterday,81631
Sabertooth Mauler,Bark of Tofnet Plains,5,Creature — Plant,,VNM,,common,,Owned,Non-foil,FALSE,https://github.com/Tvpattack/Vinimroth-Eternities/blob/main/Bark%20of%20Tofnet%20Plains.png?raw=true,,F,Bark of Tofnet Plains,81631
Sabertooth Mauler,Kaln-Ocean Wispop,3,Creature — Jellyfish,,VNM,,common,,Owned,Non-foil,FALSE,https://github.com/Tvpattack/Vinimroth-Eternities/blob/main/Kaln-Ocean%20Wispop.png?raw=true,,F,Kaln-Ocean Wispop,81631
Sabertooth Mauler,Pathborn Crackle,2,Creature — Elemental,,VNM,,common,,Owned,Non-foil,FALSE,https://github.com/Tvpattack/Vinimroth-Eternities/blob/main/Pathborn%20Crackle.png?raw=true,,F,Pathborn Crackle,81631
Sabertooth Mauler,Guardian of Faloden Woods,6,Creature — Beast,G,VNM,,common,,Owned,Non-foil,FALSE,https://github.com/Tvpattack/Vinimroth-Eternities/blob/main/Guardian%20of%20Faloden%20Woods.png?raw=true,,FG,Guardian of Faloden Woods,81631
Sabertooth Mauler,Outlands Froststalker,4,Creature — Cat Beast,B,VNM,,common,,Owned,Non-foil,FALSE,https://github.com/Tvpattack/Vinimroth-Eternities/blob/main/Outlands%20Froststalker.png?raw=true,,FB,Outlands Froststalker,81631
Sabertooth Mauler,Fog Walker,2,Creature — Insect,,VNM,,common,,Owned,Non-foil,FALSE,https://github.com/Tvpattack/Vinimroth-Eternities/blob/main/Fog%20Walker.png?raw=true,,F,Fog Walker,81631
Sabertooth Mauler,Dromencals Respite,3,Enchantment,,VNM,,common,,Owned,Non-foil,FALSE,https://github.com/Tvpattack/Vinimroth-Eternities/blob/main/Dromencals%20Respite.png?raw=true,,,Dromencals Respite,81631
Sabertooth Mauler,Outlands Respite,2,Enchantment,,VNM,,common,,Owned,Non-foil,FALSE,https://github.com/Tvpattack/Vinimroth-Eternities/blob/main/Outlands%20Respite.png?raw=true,,,Outlands Respite,81631
Sabertooth Mauler,Melodia Voidtouched,6,Legendary Enchantment Creature — Human Wizard,,VNM,,rare,,Owned,Non-foil,FALSE,https://github.com/Tvpattack/Vinimroth-Eternities/blob/main/Melodia%20Voidtouched.png?raw=true,,F,Melodia Voidtouched,81631
Sabertooth Mauler,Calia Oracle of Tofnet Plains,4,Legendary Enchantment Creature — Icon Wizard,W,VNM,,rare,,Owned,Non-foil,FALSE,https://github.com/Tvpattack/Vinimroth-Eternities/blob/main/Calia%20Oracle%20of%20Tofnet%20Plains.png?raw=true,,W,Calia Oracle of Tofnet Plains,81631
Sabertooth Mauler,Ola Kaln-Ocean Spellkeeper,3,Legendary Enchantment Creature — Icon Wurm,U,VNM,,rare,,Owned,Non-foil,FALSE,https://github.com/Tvpattack/Vinimroth-Eternities/blob/main/Ola%20Kaln-Ocean%20Spellkeeper.png?raw=true,,U,Ola Kaln-Ocean Spellkeeper,81631
Sabertooth Mauler,Kier Acolyte of Avlod Respite,2,Legendary Enchantment Creature — Icon Warlock,B,VNM,,rare,,Owned,Non-foil,FALSE,https://github.com/Tvpattack/Vinimroth-Eternities/blob/main/Kier%20Acolyte%20of%20Avlod%20Respite.png?raw=true,,B,Kier Acolyte of Avlod Respite,81631
Sabertooth Mauler,Vane Verem-Volcano Scorcher,4,Legendary Enchantment Creature — Icon Dragon,R,VNM,,rare,,Owned,Non-foil,FALSE,https://github.com/Tvpattack/Vinimroth-Eternities/blob/main/Vane%20Verem-Volcano%20Scorcher.png?raw=true,,R,Vane Verem-Volcano Scorcher,81631
Sabertooth Mauler,Somma Blade of Faloden Woods,6,Legendary Enchantment Creature — Icon Giant,G,VNM,,rare,,Owned,Non-foil,FALSE,https://github.com/Tvpattack/Vinimroth-Eternities/blob/main/Somma%20Blade%20of%20Faloden%20Woods.png?raw=true,,G,Somma Blade of Faloden Woods,81631
Sabertooth Mauler,Khestri Fadove Clanleader,3,Legendary Creature — Human Knight,W,VNM,,rare,,Owned,Non-foil,FALSE,https://github.com/Tvpattack/Vinimroth-Eternities/blob/main/Khestri%20Fadove%20Clanleader.png?raw=true,,W,Khestri Fadove Clanleader,81631
Sabertooth Mauler,Shivta Avlod Clanleader,3,Legendary Creature — Bird Rogue,UB,VNM,,rare,,Owned,Non-foil,FALSE,https://github.com/Tvpattack/Vinimroth-Eternities/blob/main/Shivta%20Avlod%20Clanleader.png?raw=true,,UB,Shivta Avlod Clanleader,81631
Sabertooth Mauler,Urkial Outlands Clanleader,5,Legendary Creature — Bear Shaman,,VNM,,rare,,Owned,Non-foil,FALSE,https://github.com/Tvpattack/Vinimroth-Eternities/blob/main/Urkial%20Outlands%20Clanleader.png?raw=true,,,Urkial Outlands Clanleader,81631
Sabertooth Mauler,Bruin Mentor,2,Creature — Bear Scout Spellshaper,G,VNM,,rare,,Owned,Non-foil,FALSE,https://github.com/Tvpattack/Vinimroth-Eternities/blob/main/Bruin%20Mentor.png?raw=true,,G,Bruin Mentor,81631
Sabertooth Mauler,Raze the Clanless,2,Instant,R,VNM,,rare,,Owned,Non-foil,FALSE,https://github.com/Tvpattack/Vinimroth-Eternities/blob/main/Raze%20the%20Clanless.png?raw=true,,R,Raze the Clanless,81631
Sabertooth Mauler,Prismatic Offense,3,Enchantment Creature — Elk Shaman,RG,VNM,,rare,,Owned,Non-foil,FALSE,https://github.com/Tvpattack/Vinimroth-Eternities/blob/main/Prismatic%20Offense.png?raw=true,,RG,Prismatic Offense,81631
Sabertooth Mauler,VinBlackWurm,0,Token Creature — Wurm,,VNM,,special,,Owned,Non-foil,FALSE,https://github.com/Tvpattack/Vinimroth-Eternities/blob/main/VinBlackWurm.png?raw=true,,,VinBlackWurm,81631
Sabertooth Mauler,Korna Vinimroth Historian,2,Legendary Tribal Enchantment — Wurm Entity,WR,VNM,,rare,,Owned,Non-foil,FALSE,https://github.com/Tvpattack/Vinimroth-Eternities/blob/main/Korna%20Vinimroth%20Historian.png?raw=true,,WR,Korna Vinimroth Historian,81631
Sabertooth Mauler,Zoslera Mordel Clanleader,5,Legendary Creature — Human Knight,RG,VNM,,rare,,Owned,Non-foil,FALSE,https://github.com/Tvpattack/Vinimroth-Eternities/blob/main/Zoslera%20Mordel%20Clanleader.png?raw=true,,RG,Zoslera Mordel Clanleader,81631
Sabertooth Mauler,Prophellos Pathborn Hunger,5,Legendary Creature — God,,VNM,,rare,,Owned,Non-foil,FALSE,https://github.com/Tvpattack/Vinimroth-Eternities/blob/main/Prophellos%20Pathborn%20Hunger.png?raw=true,,,Prophellos Pathborn Hunger,81631
Sabertooth Mauler,Dust for Dust,2,Sorcery,B,VNM,,rare,,Owned,Non-foil,FALSE,https://github.com/Tvpattack/Vinimroth-Eternities/blob/main/Dust%20for%20Dust.png?raw=true,,B,Dust for Dust,81631
Sabertooth Mauler,Sanctum Reminder,0,Reminder,,VNM,,special,,Owned,Non-foil,FALSE,https://github.com/Tvpattack/Vinimroth-Eternities/blob/main/Sanctum%20Reminder.png?raw=true,,,Sanctum Reminder,81631
Sabertooth Mauler,Pinnacle of Vinimroth,3,Legendary Enchantment Artifact,R,VNM,,rare,,Owned,Non-foil,FALSE,https://github.com/Tvpattack/Vinimroth-Eternities/blob/main/Pinnacle%20of%20Vinimroth.png?raw=true,,R,Pinnacle of Vinimroth,81631
Sabertooth Mauler,Attuned Shimmer,4,Tribal Enchantment — Cat Entity,WB,VNM,,rare,,Owned,Non-foil,FALSE,https://github.com/Tvpattack/Vinimroth-Eternities/blob/main/Attuned%20Shimmer.png?raw=true,,WB,Attuned Shimmer,81631
Sabertooth Mauler,Bushy Shimmer,4,Tribal Enchantment — Squirrel Entity,BG,VNM,,rare,,Owned,Non-foil,FALSE,https://github.com/Tvpattack/Vinimroth-Eternities/blob/main/Bushy%20Shimmer.png?raw=true,,BG,Bushy Shimmer,81631
Sabertooth Mauler,Wild Shimmer,4,Tribal Enchantment — Wolf Entity,UG,VNM,,rare,,Owned,Non-foil,FALSE,https://github.com/Tvpattack/Vinimroth-Eternities/blob/main/Wild%20Shimmer.png?raw=true,,UG,Wild Shimmer,81631
Sabertooth Mauler,Curious Shimmer,4,Tribal Enchantment — Wurm Entity,UR,VNM,,rare,,Owned,Non-foil,FALSE,https://github.com/Tvpattack/Vinimroth-Eternities/blob/main/Curious%20Shimmer.png?raw=true,,UR,Curious Shimmer,81631
Sabertooth Mauler,Pouncing Shimmer,4,Tribal Enchantment — Cat Entity,WR,VNM,,rare,,Owned,Non-foil,FALSE,https://github.com/Tvpattack/Vinimroth-Eternities/blob/main/Pouncing%20Shimmer.png?raw=true,,WR,Pouncing Shimmer,81631
Sabertooth Mauler,Multaphs Respites Spellbook,0,Spellbook Reminder token,,VNM,,special,,Owned,Non-foil,FALSE,https://github.com/Tvpattack/Vinimroth-Eternities/blob/main/Multaphs%20Respites%20Spellbook.png?raw=true,,,Multaphs Respites Spellbook,81631
Sabertooth Mauler,Runed Spire,0,Land,,VNM,,rare,,Owned,Non-foil,FALSE,https://github.com/Tvpattack/Vinimroth-Eternities/blob/main/Runed%20Spire.png?raw=true,,,Runed Spire,81631
Sabertooth Mauler,Pathbound,0,Reminder,,VNM,,special,,Owned,Non-foil,FALSE,https://github.com/Tvpattack/Vinimroth-Eternities/blob/main/Pathbound.png?raw=true,,,Pathbound,81631
Sabertooth Mauler,Fadove Pathwarden,3,Creature — Human Warrior,W,VNM,,rare,,Owned,Non-foil,FALSE,https://github.com/Tvpattack/Vinimroth-Eternities/blob/main/Fadove%20Pathwarden.png?raw=true,,W,Fadove Pathwarden,81631
Sabertooth Mauler,Path of Insight,4,Sorcery,U,VNM,,rare,,Owned,Non-foil,FALSE,https://github.com/Tvpattack/Vinimroth-Eternities/blob/main/Path%20of%20Insight.png?raw=true,,U,Path of Insight,81631
Sabertooth Mauler,Path of Revival,1,Sorcery,B,VNM,,rare,,Owned,Non-foil,FALSE,https://github.com/Tvpattack/Vinimroth-Eternities/blob/main/Path%20of%20Revival.png?raw=true,,B,Path of Revival,81631
Sabertooth Mauler,Keeper of Faloden Woods,6,Creature — Wurm Druid,G,VNM,,rare,,Owned,Non-foil,FALSE,https://github.com/Tvpattack/Vinimroth-Eternities/blob/main/Keeper%20of%20Faloden%20Woods.png?raw=true,,G,Keeper of Faloden Woods,81631
Sabertooth Mauler,Mistveil Drake,5,Creature — Drake,,VNM,,rare,,Owned,Non-foil,FALSE,https://github.com/Tvpattack/Vinimroth-Eternities/blob/main/Mistveil%20Drake.png?raw=true,,,Mistveil Drake,81631
Sabertooth Mauler,Mordel Combatant,1,Creature — Human Warrior,R,VNM,,rare,,Owned,Non-foil,FALSE,https://github.com/Tvpattack/Vinimroth-Eternities/blob/main/Mordel%20Combatant.png?raw=true,,R,Mordel Combatant,81631
Sabertooth Mauler,Bearer of Change,3,Creature — Elf Spellshaper,U,VNM,,rare,,Owned,Non-foil,FALSE,https://github.com/Tvpattack/Vinimroth-Eternities/blob/main/Bearer%20of%20Change.png?raw=true,,U,Bearer of Change,81631
Sabertooth Mauler,Mordel Razer,3,Creature — Human Wizard,R,VNM,,rare,,Owned,Non-foil,FALSE,https://github.com/Tvpattack/Vinimroth-Eternities/blob/main/Mordel%20Razer.png?raw=true,,R,Mordel Razer,81631
Sabertooth Mauler,Pathborn Aggression,1,Enchantment Creature — Icon Warlock,B,VNM,,rare,,Owned,Non-foil,FALSE,https://github.com/Tvpattack/Vinimroth-Eternities/blob/main/Pathborn%20Aggression.png?raw=true,,B,Pathborn Aggression,81631
Sabertooth Mauler,Eternities Weaver,2,Creature — Human Druid,G,VNM,,rare,,Owned,Non-foil,FALSE,https://github.com/Tvpattack/Vinimroth-Eternities/blob/main/Eternities%20Weaver.png?raw=true,,G,Eternities Weaver,81631
Sabertooth Mauler,Guardian Roost,2,Creature — Drake,W,VNM,,rare,,Owned,Non-foil,FALSE,https://github.com/Tvpattack/Vinimroth-Eternities/blob/main/Guardian%20Roost.png?raw=true,,W,Guardian Roost,81631
Sabertooth Mauler,Path to Restoration,5,Sorcery,W,VNM,,rare,,Owned,Non-foil,FALSE,https://github.com/Tvpattack/Vinimroth-Eternities/blob/main/Path%20to%20Restoration.png?raw=true,,W,Path to Restoration,81631
Sabertooth Mauler,Path to Ages,5,Sorcery,R,VNM,,rare,,Owned,Non-foil,FALSE,https://github.com/Tvpattack/Vinimroth-Eternities/blob/main/Path%20to%20Ages.png?raw=true,,R,Path to Ages,81631
Sabertooth Mauler,Breach of Protection,3,Enchantment,W,VNM,,rare,,Owned,Non-foil,FALSE,https://github.com/Tvpattack/Vinimroth-Eternities/blob/main/Breach%20of%20Protection.png?raw=true,,W,Breach of Protection,81631
Sabertooth Mauler,Breach of Sanity,3,Enchantment,U,VNM,,rare,,Owned,Non-foil,FALSE,https://github.com/Tvpattack/Vinimroth-Eternities/blob/main/Breach%20of%20Sanity.png?raw=true,,U,Breach of Sanity,81631
Sabertooth Mauler,Breach of Malice,3,Enchantment,R,VNM,,rare,,Owned,Non-foil,FALSE,https://github.com/Tvpattack/Vinimroth-Eternities/blob/main/Breach%20of%20Malice.png?raw=true,,R,Breach of Malice,81631
Sabertooth Mauler,Breach of Nature,3,Enchantment,G,VNM,,rare,,Owned,Non-foil,FALSE,https://github.com/Tvpattack/Vinimroth-Eternities/blob/main/Breach%20of%20Nature.png?raw=true,,G,Breach of Nature,81631
Sabertooth Mauler,Breach of Mortality,4,Enchantment,B,VNM,,rare,,Owned,Non-foil,FALSE,https://github.com/Tvpattack/Vinimroth-Eternities/blob/main/Breach%20of%20Mortality.png?raw=true,,B,Breach of Mortality,81631
Sabertooth Mauler,Breach of the Unknown,3,Enchantment — Aura,,VNM,,rare,,Owned,Non-foil,FALSE,https://github.com/Tvpattack/Vinimroth-Eternities/blob/main/Breach%20of%20the%20Unknown.png?raw=true,,,Breach of the Unknown,81631
Sabertooth Mauler,Path of the Grove,1,Sorcery,G,VNM,,rare,,Owned,Non-foil,FALSE,https://github.com/Tvpattack/Vinimroth-Eternities/blob/main/Path%20of%20the%20Grove.png?raw=true,,G,Path of the Grove,81631
Sabertooth Mauler,Pathborn Drake,2,Creature — Drake,U,VNM,,rare,,Owned,Non-foil,FALSE,https://github.com/Tvpattack/Vinimroth-Eternities/blob/main/Pathborn%20Drake.png?raw=true,,U,Pathborn Drake,81631
Sabertooth Mauler,Outlands Pathwarden,4,Creature — Bird Warrior,B,VNM,,rare,,Owned,Non-foil,FALSE,https://github.com/Tvpattack/Vinimroth-Eternities/blob/main/Outlands%20Pathwarden.png?raw=true,,B,Outlands Pathwarden,81631
Sabertooth Mauler,Fadove Reinforcement,2,Creature — Hyena Warrior,W,VNM,,common,,Owned,Non-foil,FALSE,https://github.com/Tvpattack/Vinimroth-Eternities/blob/main/Fadove%20Reinforcement.png?raw=true,,W,Fadove Reinforcement,81631
Sabertooth Mauler,Avlod Pathshaper,2,Creature — Human Wizard,U,VNM,,common,,Owned,Non-foil,FALSE,https://github.com/Tvpattack/Vinimroth-Eternities/blob/main/Avlod%20Pathshaper.png?raw=true,,U,Avlod Pathshaper,81631
Sabertooth Mauler,Outlands Traveller,5,Creature — Human Warrior,B,VNM,,common,,Owned,Non-foil,FALSE,https://github.com/Tvpattack/Vinimroth-Eternities/blob/main/Outlands%20Traveller.png?raw=true,,B,Outlands Traveller,81631
Sabertooth Mauler,Mordel Reinforcement,4,Creature — Minotaur Warrior,R,VNM,,common,,Owned,Non-foil,FALSE,https://github.com/Tvpattack/Vinimroth-Eternities/blob/main/Mordel%20Reinforcement.png?raw=true,,R,Mordel Reinforcement,81631
Sabertooth Mauler,Outlands Guardian,3,Creature — Bear Warrior,G,VNM,,common,,Owned,Non-foil,FALSE,https://github.com/Tvpattack/Vinimroth-Eternities/blob/main/Outlands%20Guardian.png?raw=true,,G,Outlands Guardian,81631
Sabertooth Mauler,Paths Strider,3,Creature — Beast,,VNM,,common,,Owned,Non-foil,FALSE,https://github.com/Tvpattack/Vinimroth-Eternities/blob/main/Paths%20Strider.png?raw=true,,,Paths Strider,81631
Sabertooth Mauler,Path of the Proud,2,Enchantment,W,VNM,,uncommon,,Owned,Non-foil,FALSE,https://github.com/Tvpattack/Vinimroth-Eternities/blob/main/Path%20of%20the%20Proud.png?raw=true,,W,Path of the Proud,81631
Sabertooth Mauler,Path of the Roost,2,Enchantment,U,VNM,,uncommon,,Owned,Non-foil,FALSE,https://github.com/Tvpattack/Vinimroth-Eternities/blob/main/Path%20of%20the%20Roost.png?raw=true,,U,Path of the Roost,81631
Sabertooth Mauler,Path of the Rift,2,Enchantment,B,VNM,,uncommon,,Owned,Non-foil,FALSE,https://github.com/Tvpattack/Vinimroth-Eternities/blob/main/Path%20of%20the%20Rift.png?raw=true,,B,Path of the Rift,81631
Sabertooth Mauler,Path of the Brood,1,Enchantment,R,VNM,,uncommon,,Owned,Non-foil,FALSE,https://github.com/Tvpattack/Vinimroth-Eternities/blob/main/Path%20of%20the%20Brood.png?raw=true,,R,Path of the Brood,81631
Sabertooth Mauler,Path of the Mighty,2,Enchantment,G,VNM,,uncommon,,Owned,Non-foil,FALSE,https://github.com/Tvpattack/Vinimroth-Eternities/blob/main/Path%20of%20the%20Mighty.png?raw=true,,G,Path of the Mighty,81631
Sabertooth Mauler,Pathbound Bloom,1,Artifact,,VNM,,common,,Owned,Non-foil,FALSE,https://github.com/Tvpattack/Vinimroth-Eternities/blob/main/Pathbound%20Bloom.png?raw=true,,,Pathbound Bloom,81631
Sabertooth Mauler,Vin Plains,0,Basic Land — Plains,,VNM,,special,,Owned,Non-foil,FALSE,https://github.com/Tvpattack/Vinimroth-Eternities/blob/main/Vin%20Plains.png?raw=true,,,Vin Plains,81631
Sabertooth Mauler,Vin Island,0,Basic Land — Island,,VNM,,special,,Owned,Non-foil,FALSE,https://github.com/Tvpattack/Vinimroth-Eternities/blob/main/Vin%20Island.png?raw=true,,,Vin Island,81631
Sabertooth Mauler,Vin Swamp,0,Basic Land — Swamp,,VNM,,special,,Owned,Non-foil,FALSE,https://github.com/Tvpattack/Vinimroth-Eternities/blob/main/Vin%20Swamp.png?raw=true,,,Vin Swamp,81631
Sabertooth Mauler,Vin Mountain,0,Basic Land — Mountain,,VNM,,special,,Owned,Non-foil,FALSE,https://github.com/Tvpattack/Vinimroth-Eternities/blob/main/Vin%20Mountain.png?raw=true,,,Vin Mountain,81631
Sabertooth Mauler,Vin Forest,0,Basic Land — Forest,,VNM,,special,,Owned,Non-foil,FALSE,https://github.com/Tvpattack/Vinimroth-Eternities/blob/main/Vin%20Forest.png?raw=true,,,Vin Forest,81631
Sabertooth Mauler,Crackling Plains,0,Land,,VNM,,mythic rare,,Owned,Non-foil,FALSE,https://github.com/Tvpattack/Vinimroth-Eternities/blob/main/Crackling%20Plains.png?raw=true,,,Crackling Plains,81631
Sabertooth Mauler,Restored Plains,0,Land,,VNM,,mythic rare,,Owned,Non-foil,FALSE,https://github.com/Tvpattack/Vinimroth-Eternities/blob/main/Restored%20Plains.png?raw=true,,,Restored Plains,81631
Sabertooth Mauler,Splintered Island,0,Land,,VNM,,mythic rare,,Owned,Non-foil,FALSE,https://github.com/Tvpattack/Vinimroth-Eternities/blob/main/Splintered%20Island.png?raw=true,,,Splintered Island,81631
Sabertooth Mauler,Furrowed Mountain,0,Land,,VNM,,mythic rare,,Owned,Non-foil,FALSE,https://github.com/Tvpattack/Vinimroth-Eternities/blob/main/Furrowed%20Mountain.png?raw=true,,,Furrowed Mountain,81631
Sabertooth Mauler,Restored Island,0,Land,,VNM,,mythic rare,,Owned,Non-foil,FALSE,https://github.com/Tvpattack/Vinimroth-Eternities/blob/main/Restored%20Island.png?raw=true,,,Restored Island,81631
Sabertooth Mauler,Restored Swamp,0,Land,,VNM,,mythic rare,,Owned,Non-foil,FALSE,https://github.com/Tvpattack/Vinimroth-Eternities/blob/main/Restored%20Swamp.png?raw=true,,,Restored Swamp,81631
Sabertooth Mauler,Restored Mountain,0,Land,,VNM,,mythic rare,,Owned,Non-foil,FALSE,https://github.com/Tvpattack/Vinimroth-Eternities/blob/main/Restored%20Mountain.png?raw=true,,,Restored Mountain,81631
Sabertooth Mauler,Restored Forest,0,Land,,VNM,,mythic rare,,Owned,Non-foil,FALSE,https://github.com/Tvpattack/Vinimroth-Eternities/blob/main/Restored%20Forest.png?raw=true,,,Restored Forest,81631
Sabertooth Mauler,Rip to Today,0,Land,,VNM,,mythic rare,,Owned,Non-foil,FALSE,https://github.com/Tvpattack/Vinimroth-Eternities/blob/main/Rip%20to%20Today.png?raw=true,,,Rip to Today,81631
Sabertooth Mauler,Divided Forest,0,Land,,VNM,,mythic rare,,Owned,Non-foil,FALSE,https://github.com/Tvpattack/Vinimroth-Eternities/blob/main/Divided%20Forest.png?raw=true,,,Divided Forest,81631
Sabertooth Mauler,Sundered Swamp,0,Land,,VNM,,mythic rare,,Owned,Non-foil,FALSE,https://github.com/Tvpattack/Vinimroth-Eternities/blob/main/Sundered%20Swamp.png?raw=true,,,Sundered Swamp,81631
Sabertooth Mauler,Unstable Rift,0,Land,,VNM,,uncommon,,Owned,Non-foil,FALSE,https://github.com/Tvpattack/Vinimroth-Eternities/blob/main/Unstable%20Rift.png?raw=true,,,Unstable Rift,81631
Sabertooth Mauler,Spire of Hunger,0,Land,,VNM,,mythic rare,,Owned,Non-foil,FALSE,https://github.com/Tvpattack/Vinimroth-Eternities/blob/main/Spire%20of%20Hunger.png?raw=true,,,Spire of Hunger,81631
Sabertooth Mauler,Shimmering Path,0,Land,,VNM,,mythic rare,,Owned,Non-foil,FALSE,https://github.com/Tvpattack/Vinimroth-Eternities/blob/main/Shimmering%20Path.png?raw=true,,,Shimmering Path,81631
Sabertooth Mauler,Flashing Path,0,Land,,VNM,,mythic rare,,Owned,Non-foil,FALSE,https://github.com/Tvpattack/Vinimroth-Eternities/blob/main/Flashing%20Path.png?raw=true,,,Flashing Path,81631
Sabertooth Mauler,Tethers of Insanity,3,Enchantment — Aura,U,VNM,,common,,Owned,Non-foil,FALSE,https://github.com/Tvpattack/Vinimroth-Eternities/blob/main/Tethers%20of%20Insanity.png?raw=true,,U,Tethers of Insanity,81631
Sabertooth Mauler,Eternity Siphon,2,Sorcery,B,VNM,,common,,Owned,Non-foil,FALSE,https://github.com/Tvpattack/Vinimroth-Eternities/blob/main/Eternity%20Siphon.png?raw=true,,B,Eternity Siphon,81631
Sabertooth Mauler,Tofnet Thrummer,4,Creature — Bird,,VNM,,uncommon,,Owned,Non-foil,FALSE,https://github.com/Tvpattack/Vinimroth-Eternities/blob/main/Tofnet%20Thrummer.png?raw=true,,,Tofnet Thrummer,81631
Sabertooth Mauler,Faloden Scavenger,4,Creature — Fox,,VNM,,common,,Owned,Non-foil,FALSE,https://github.com/Tvpattack/Vinimroth-Eternities/blob/main/Faloden%20Scavenger.png?raw=true,,F,Faloden Scavenger,81631
Sabertooth Mauler,Grazed by the Endless,3,Instant,,VNM,,common,,Owned,Non-foil,FALSE,https://github.com/Tvpattack/Vinimroth-Eternities/blob/main/Grazed%20by%20the%20Endless.png?raw=true,,,Grazed by the Endless,81631
Sabertooth Mauler,Choked Essence,2,Instant,,VNM,,uncommon,,Owned,Non-foil,FALSE,https://github.com/Tvpattack/Vinimroth-Eternities/blob/main/Choked%20Essence.png?raw=true,,F,Choked Essence,81631
Sabertooth Mauler,Enduring Sapling,0,Land,,VNM,,mythic rare,,Owned,Non-foil,FALSE,https://github.com/Tvpattack/Vinimroth-Eternities/blob/main/Enduring%20Sapling.png?raw=true,,,Enduring Sapling,81631
Sabertooth Mauler,Avakin Hazeweaver,1,Creature — Bird Wizard Spellshaper,U,VNM,,common,,Owned,Non-foil,FALSE,https://github.com/Tvpattack/Vinimroth-Eternities/blob/main/Avakin%20Hazeweaver.png?raw=true,,U,Avakin Hazeweaver,81631
Sabertooth Mauler,Verem-Volcano Keeper,6,Creature — Wurm Warrior,,VNM,,rare,,Owned,Non-foil,FALSE,https://github.com/Tvpattack/Vinimroth-Eternities/blob/main/Verem-Volcano%20Keeper.png?raw=true,,,Verem-Volcano Keeper,81631
Sabertooth Mauler,Vin-Fault-Conjure,0,Basic Land — Fault,,VNM,,special,,Owned,Non-foil,FALSE,https://github.com/Tvpattack/Vinimroth-Eternities/blob/main/Vin-Fault-Conjure.png?raw=true,,,Vin-Fault-Conjure,81631
Sabertooth Mauler,Vin-Fault,0,Basic Land — Fault,,VNM,,basic land,,Owned,Non-foil,FALSE,https://github.com/Tvpattack/Vinimroth-Eternities/blob/main/Vin-Fault.png?raw=true,,,Vin-Fault,81631
Sabertooth Mauler,1 Counter,6,,WUBRG,VNM,,common,,Owned,Non-foil,FALSE,https://github.com/Tvpattack/Vinimroth-Eternities/blob/main/1%20Counter.png?raw=true,,WUBRG,1 Counter,81631
Sabertooth Mauler,Prophellos Pathborn Hunger — Masterpiece,5,Legendary Creature — God,,VNM,,masterpiece,,Owned,Non-foil,FALSE,https://github.com/Tvpattack/Vinimroth-Eternities/blob/main/Prophellos%20Pathborn%20Hunger%20—%20Masterpiece.png?raw=true,,,Prophellos Pathborn Hunger — Masterpiece,81631
Sabertooth Mauler,Restored Fault,0,Land,,VNM,,mythic rare,,Owned,Non-foil,FALSE,https://github.com/Tvpattack/Vinimroth-Eternities/blob/main/Restored%20Fault.png?raw=true,,,Restored Fault,81631
Sabertooth Mauler,Ash to Hope,3,Sorcery,G,VNM,,common,,Owned,Non-foil,FALSE,https://github.com/Tvpattack/Vinimroth-Eternities/blob/main/Ash%20to%20Hope.png?raw=true,,G,Ash to Hope,81631
Sabertooth Mauler,Scouts Bow,1,Artifact — Equipment,G,VNM,,uncommon,,Owned,Non-foil,FALSE,https://github.com/Tvpattack/Vinimroth-Eternities/blob/main/Scouts%20Bow.png?raw=true,,G,Scouts Bow,81631
Sabertooth Mauler,xXDust420Xx,2,Sorcery,B,VNM,,masterpiece,,Owned,Non-foil,FALSE,https://github.com/Tvpattack/Vinimroth-Eternities/blob/main/xXDust420Xx.png?raw=true,,B,xXDust420Xx,81631